{
    "cli": true,
    "target": "directory",
    "adapterName": "mqtt-discovery",
    "title": "MQTT Discovery Publisher",
    "description": "Adapter, der MQTT Discovery Nachrichten für Home Assistant generiert",
    "keywords": ["iobroker", "mqtt", "homeassistant", "discovery"],
    "expert": "no",
    "features": ["adapter"],
    "adminFeatures": [],
    "type": "protocols",
    "startMode": "daemon",
    "connectionType": "local",
    "dataSource": "poll",
    "connectionIndicator": "no",
    "language": "TypeScript",
    "nodeVersion": "20",
    "adminUi": "json",
    "tools": ["ESLint", "Prettier"],
    "releaseScript": "no",
    "devServer": "no",
    "indentation": "Space (4)",
    "quotes": "double",
    "authorName": "Ferry Israel",
    "authorGithub": "fisrael",
    "authorEmail": "israel@fi-lan.net",
    "gitRemoteProtocol": "HTTPS",
    "gitCommit": "no",
    "defaultBranch": "main",
    "license": "MIT License",
    "dependabot": "yes",
    "creatorVersion": "2.6.5"
}
